ticker,name,sector,industry,index,country
MMM,3M,Industrials,Industrial Conglomerates,SP500,US
AOS,A. O. Smith,Industrials,Building Products,SP500,US
ABT,Abbott Laboratories,Health Care,Health Care Equipment,SP500,US
ABBV,AbbVie,Health Care,Biotechnology,SP500,US
ACN,Accenture,Information Technology,IT Consulting & Other Services,SP500,US
ADBE,Adobe Inc.,Information Technology,Application Software,SP500,US
AMD,Advanced Micro Devices,Information Technology,Semiconductors,SP500,US
AES,AES Corporation,Utilities,Independent Power Producers & Energy Traders,SP500,US
AFL,Aflac,Financials,Life & Health Insurance,SP500,US
A,Agilent Technologies,Health Care,Life Sciences Tools & Services,SP500,US
APD,Air Products,Materials,Industrial Gases,SP500,US
ABNB,Airbnb,Consumer Discretionary,"Hotels, Resorts & Cruise Lines",SP500,US
AKAM,Akamai Technologies,Information Technology,Internet Services & Infrastructure,SP500,US
ALB,Albemarle Corporation,Materials,Specialty Chemicals,SP500,US
ARE,Alexandria Real Estate Equities,Real Estate,Office REITs,SP500,US
ALGN,Align Technology,Health Care,Health Care Supplies,SP500,US
ALLE,Allegion,Industrials,Building Products,SP500,US
LNT,Alliant Energy,Utilities,Electric Utilities,SP500,US
ALL,Allstate,Financials,Property & Casualty Insurance,SP500,US
GOOGL,Alphabet Inc. (Class A),Communication Services,Interactive Media & Services,SP500,US
GOOG,Alphabet Inc. (Class C),Communication Services,Interactive Media & Services,SP500,US
MO,Altria,Consumer Staples,Tobacco,SP500,US
AMZN,Amazon,Consumer Discretionary,Broadline Retail,SP500,US
AMCR,Amcor,Materials,Paper & Plastic Packaging Products & Materials,SP500,US
AEE,Ameren,Utilities,Multi-Utilities,SP500,US
AEP,American Electric Power,Utilities,Electric Utilities,SP500,US
AXP,American Express,Financials,Consumer Finance,SP500,US
AIG,American International Group,Financials,Multi-line Insurance,SP500,US
AMT,American Tower,Real Estate,Telecom Tower REITs,SP500,US
AWK,American Water Works,Utilities,Water Utilities,SP500,US
AMP,Ameriprise Financial,Financials,Asset Management & Custody Banks,SP500,US
AME,Ametek,Industrials,Electrical Components & Equipment,SP500,US
AMGN,Amgen,Health Care,Biotechnology,SP500,US
APH,Amphenol,Information Technology,Electronic Components,SP500,US
ADI,Analog Devices,Information Technology,Semiconductors,SP500,US
AON,Aon plc,Financials,Insurance Brokers,SP500,US
APA,APA Corporation,Energy,Oil & Gas Exploration & Production,SP500,US
APO,Apollo Global Management,Financials,Asset Management & Custody Banks,SP500,US
AAPL,Apple Inc.,Information Technology,"Technology Hardware, Storage & Peripherals",SP500,US
AMAT,Applied Materials,Information Technology,Semiconductor Materials & Equipment,SP500,US
APP,AppLovin,Information Technology,Application Software,SP500,US
APTV,Aptiv,Consumer Discretionary,Automotive Parts & Equipment,SP500,US
ACGL,Arch Capital Group,Financials,Property & Casualty Insurance,SP500,US
ADM,Archer Daniels Midland,Consumer Staples,Agricultural Products & Services,SP500,US
ARES,Ares Management,Financials,Asset Management & Custody Banks,SP500,US
ANET,Arista Networks,Information Technology,Communications Equipment,SP500,US
AJG,Arthur J. Gallagher & Co.,Financials,Insurance Brokers,SP500,US
AIZ,Assurant,Financials,Multi-line Insurance,SP500,US
T,AT&T,Communication Services,Integrated Telecommunication Services,SP500,US
ATO,Atmos Energy,Utilities,Gas Utilities,SP500,US
ADSK,Autodesk,Information Technology,Application Software,SP500,US
ADP,Automatic Data Processing,Industrials,Human Resource & Employment Services,SP500,US
AZO,AutoZone,Consumer Discretionary,Automotive Retail,SP500,US
AVB,AvalonBay Communities,Real Estate,Multi-Family Residential REITs,SP500,US
AVY,Avery Dennison,Materials,Paper & Plastic Packaging Products & Materials,SP500,US
AXON,Axon Enterprise,Industrials,Aerospace & Defense,SP500,US
BKR,Baker Hughes,Energy,Oil & Gas Equipment & Services,SP500,US
BALL,Ball Corporation,Materials,"Metal, Glass & Plastic Containers",SP500,US
BAC,Bank of America,Financials,Diversified Banks,SP500,US
BAX,Baxter International,Health Care,Health Care Equipment,SP500,US
BDX,Becton Dickinson,Health Care,Health Care Equipment,SP500,US
BRK.B,Berkshire Hathaway,Financials,Multi-Sector Holdings,SP500,US
BBY,Best Buy,Consumer Discretionary,Computer & Electronics Retail,SP500,US
TECH,Bio-Techne,Health Care,Life Sciences Tools & Services,SP500,US
BIIB,Biogen,Health Care,Biotechnology,SP500,US
BLK,BlackRock,Financials,Asset Management & Custody Banks,SP500,US
BX,Blackstone Inc.,Financials,Asset Management & Custody Banks,SP500,US
XYZ,"Block, Inc.",Financials,Transaction & Payment Processing Services,SP500,US
BNY,BNY Mellon,Financials,Asset Management & Custody Banks,SP500,US
BA,Boeing,Industrials,Aerospace & Defense,SP500,US
BKNG,Booking Holdings,Consumer Discretionary,"Hotels, Resorts & Cruise Lines",SP500,US
BSX,Boston Scientific,Health Care,Health Care Equipment,SP500,US
BMY,Bristol Myers Squibb,Health Care,Pharmaceuticals,SP500,US
AVGO,Broadcom,Information Technology,Semiconductors,SP500,US
BR,Broadridge Financial Solutions,Industrials,Data Processing & Outsourced Services,SP500,US
BRO,Brown & Brown,Financials,Insurance Brokers,SP500,US
BF.B,Brown–Forman,Consumer Staples,Distillers & Vintners,SP500,US
BLDR,Builders FirstSource,Industrials,Building Products,SP500,US
BG,Bunge Global,Consumer Staples,Agricultural Products & Services,SP500,US
BXP,"BXP, Inc.",Real Estate,Office REITs,SP500,US
CHRW,C.H. Robinson,Industrials,Air Freight & Logistics,SP500,US
CDNS,Cadence Design Systems,Information Technology,Application Software,SP500,US
CPT,Camden Property Trust,Real Estate,Multi-Family Residential REITs,SP500,US
CPB,Campbell's Company (The),Consumer Staples,Packaged Foods & Meats,SP500,US
COF,Capital One,Financials,Consumer Finance,SP500,US
CAH,Cardinal Health,Health Care,Health Care Distributors,SP500,US
CCL,Carnival Corporation,Consumer Discretionary,"Hotels, Resorts & Cruise Lines",SP500,US
CARR,Carrier Global,Industrials,Building Products,SP500,US
CVNA,Carvana,Consumer Discretionary,Automotive Retail,SP500,US
CASY,Casey's,Consumer Staples,Food Retail,SP500,US
CAT,Caterpillar Inc.,Industrials,Construction Machinery & Heavy Transportation Equipment,SP500,US
CBOE,Cboe Global Markets,Financials,Financial Exchanges & Data,SP500,US
CBRE,CBRE Group,Real Estate,Real Estate Services,SP500,US
CDW,CDW Corporation,Information Technology,Technology Distributors,SP500,US
COR,Cencora,Health Care,Health Care Distributors,SP500,US
CNC,Centene Corporation,Health Care,Managed Health Care,SP500,US
CNP,CenterPoint Energy,Utilities,Multi-Utilities,SP500,US
CF,CF Industries,Materials,Fertilizers & Agricultural Chemicals,SP500,US
CRL,Charles River Laboratories,Health Care,Life Sciences Tools & Services,SP500,US
SCHW,Charles Schwab Corporation,Financials,Investment Banking & Brokerage,SP500,US
CHTR,Charter Communications,Communication Services,Cable & Satellite,SP500,US
CVX,Chevron Corporation,Energy,Integrated Oil & Gas,SP500,US
CMG,Chipotle Mexican Grill,Consumer Discretionary,Restaurants,SP500,US
CB,Chubb Limited,Financials,Property & Casualty Insurance,SP500,US
CHD,Church & Dwight,Consumer Staples,Household Products,SP500,US
CIEN,Ciena,Information Technology,Communications Equipment,SP500,US
CI,Cigna,Health Care,Health Care Services,SP500,US
CINF,Cincinnati Financial,Financials,Property & Casualty Insurance,SP500,US
CTAS,Cintas,Industrials,Diversified Support Services,SP500,US
CSCO,Cisco,Information Technology,Communications Equipment,SP500,US
C,Citigroup,Financials,Diversified Banks,SP500,US
CFG,Citizens Financial Group,Financials,Regional Banks,SP500,US
CLX,Clorox,Consumer Staples,Household Products,SP500,US
CME,CME Group,Financials,Financial Exchanges & Data,SP500,US
CMS,CMS Energy,Utilities,Multi-Utilities,SP500,US
KO,Coca-Cola Company (The),Consumer Staples,Soft Drinks & Non-alcoholic Beverages,SP500,US
CTSH,Cognizant,Information Technology,IT Consulting & Other Services,SP500,US
COHR,Coherent Corp.,Information Technology,Electronic Components,SP500,US
COIN,Coinbase,Financials,Financial Exchanges & Data,SP500,US
CL,Colgate-Palmolive,Consumer Staples,Household Products,SP500,US
CMCSA,Comcast,Communication Services,Cable & Satellite,SP500,US
FIX,Comfort Systems USA,Industrials,Construction & Engineering,SP500,US
CAG,Conagra Brands,Consumer Staples,Packaged Foods & Meats,SP500,US
COP,ConocoPhillips,Energy,Oil & Gas Exploration & Production,SP500,US
ED,Consolidated Edison,Utilities,Multi-Utilities,SP500,US
STZ,Constellation Brands,Consumer Staples,Distillers & Vintners,SP500,US
CEG,Constellation Energy,Utilities,Electric Utilities,SP500,US
COO,Cooper Companies (The),Health Care,Health Care Supplies,SP500,US
CPRT,Copart,Industrials,Diversified Support Services,SP500,US
GLW,Corning Inc.,Information Technology,Electronic Components,SP500,US
CPAY,Corpay,Financials,Transaction & Payment Processing Services,SP500,US
CTVA,Corteva,Materials,Fertilizers & Agricultural Chemicals,SP500,US
CSGP,CoStar Group,Real Estate,Real Estate Services,SP500,US
COST,Costco,Consumer Staples,Consumer Staples Merchandise Retail,SP500,US
CRH,CRH plc,Materials,Construction Materials,SP500,US
CRWD,CrowdStrike,Information Technology,Systems Software,SP500,US
CCI,Crown Castle,Real Estate,Telecom Tower REITs,SP500,US
CSX,CSX Corporation,Industrials,Rail Transportation,SP500,US
CMI,Cummins,Industrials,Construction Machinery & Heavy Transportation Equipment,SP500,US
CVS,CVS Health,Health Care,Health Care Services,SP500,US
DHR,Danaher Corporation,Health Care,Life Sciences Tools & Services,SP500,US
DRI,Darden Restaurants,Consumer Discretionary,Restaurants,SP500,US
DDOG,Datadog,Information Technology,Application Software,SP500,US
DVA,DaVita,Health Care,Health Care Services,SP500,US
DECK,Deckers Brands,Consumer Discretionary,Footwear,SP500,US
DE,Deere & Company,Industrials,Agricultural & Farm Machinery,SP500,US
DELL,Dell Technologies,Information Technology,"Technology Hardware, Storage & Peripherals",SP500,US
DAL,Delta Air Lines,Industrials,Passenger Airlines,SP500,US
DVN,Devon Energy,Energy,Oil & Gas Exploration & Production,SP500,US
DXCM,Dexcom,Health Care,Health Care Equipment,SP500,US
FANG,Diamondback Energy,Energy,Oil & Gas Exploration & Production,SP500,US
DLR,Digital Realty,Real Estate,Data Center REITs,SP500,US
DG,Dollar General,Consumer Staples,Consumer Staples Merchandise Retail,SP500,US
DLTR,Dollar Tree,Consumer Staples,Consumer Staples Merchandise Retail,SP500,US
D,Dominion Energy,Utilities,Multi-Utilities,SP500,US
DPZ,Domino's,Consumer Discretionary,Restaurants,SP500,US
DASH,DoorDash,Consumer Discretionary,Specialized Consumer Services,SP500,US
DOV,Dover Corporation,Industrials,Industrial Machinery & Supplies & Components,SP500,US
DOW,Dow Inc.,Materials,Commodity Chemicals,SP500,US
DHI,D. R. Horton,Consumer Discretionary,Homebuilding,SP500,US
DTE,DTE Energy,Utilities,Multi-Utilities,SP500,US
DUK,Duke Energy,Utilities,Electric Utilities,SP500,US
DD,DuPont,Materials,Specialty Chemicals,SP500,US
ETN,Eaton Corporation,Industrials,Electrical Components & Equipment,SP500,US
EBAY,eBay Inc.,Consumer Discretionary,Broadline Retail,SP500,US
SATS,EchoStar,Communication Services,Wireless Telecommunication Services,SP500,US
ECL,Ecolab,Materials,Specialty Chemicals,SP500,US
EIX,Edison International,Utilities,Electric Utilities,SP500,US
EW,Edwards Lifesciences,Health Care,Health Care Equipment,SP500,US
EA,Electronic Arts,Communication Services,Interactive Home Entertainment,SP500,US
ELV,Elevance Health,Health Care,Managed Health Care,SP500,US
EME,Emcor,Industrials,Construction & Engineering,SP500,US
EMR,Emerson Electric,Industrials,Electrical Components & Equipment,SP500,US
ETR,Entergy,Utilities,Electric Utilities,SP500,US
EOG,EOG Resources,Energy,Oil & Gas Exploration & Production,SP500,US
EQT,EQT Corporation,Energy,Oil & Gas Exploration & Production,SP500,US
EFX,Equifax,Industrials,Research & Consulting Services,SP500,US
EQIX,Equinix,Real Estate,Data Center REITs,SP500,US
EQR,Equity Residential,Real Estate,Multi-Family Residential REITs,SP500,US
ERIE,Erie Indemnity,Financials,Insurance Brokers,SP500,US
ESS,Essex Property Trust,Real Estate,Multi-Family Residential REITs,SP500,US
EL,Estée Lauder Companies (The),Consumer Staples,Personal Care Products,SP500,US
EG,Everest Group,Financials,Reinsurance,SP500,US
EVRG,Evergy,Utilities,Electric Utilities,SP500,US
ES,Eversource Energy,Utilities,Electric Utilities,SP500,US
EXC,Exelon,Utilities,Electric Utilities,SP500,US
EXE,Expand Energy,Energy,Oil & Gas Exploration & Production,SP500,US
EXPE,Expedia Group,Consumer Discretionary,"Hotels, Resorts & Cruise Lines",SP500,US
EXPD,Expeditors International,Industrials,Air Freight & Logistics,SP500,US
EXR,Extra Space Storage,Real Estate,Self-Storage REITs,SP500,US
XOM,ExxonMobil,Energy,Integrated Oil & Gas,SP500,US
FFIV,"F5, Inc.",Information Technology,Communications Equipment,SP500,US
FDS,FactSet,Financials,Financial Exchanges & Data,SP500,US
FICO,Fair Isaac,Information Technology,Application Software,SP500,US
FAST,Fastenal,Industrials,Trading Companies & Distributors,SP500,US
FRT,Federal Realty Investment Trust,Real Estate,Retail REITs,SP500,US
FDX,FedEx,Industrials,Air Freight & Logistics,SP500,US
FDXF,FedEx Freight,Industrials,Cargo Ground Transportation,SP500,US
FIS,Fidelity National Information Services,Financials,Transaction & Payment Processing Services,SP500,US
FITB,Fifth Third Bancorp,Financials,Regional Banks,SP500,US
FSLR,First Solar,Information Technology,Semiconductors,SP500,US
FE,FirstEnergy,Utilities,Electric Utilities,SP500,US
FISV,Fiserv,Financials,Transaction & Payment Processing Services,SP500,US
F,Ford Motor Company,Consumer Discretionary,Automobile Manufacturers,SP500,US
FTNT,Fortinet,Information Technology,Systems Software,SP500,US
FTV,Fortive,Industrials,Industrial Machinery & Supplies & Components,SP500,US
FOXA,Fox Corporation (Class A),Communication Services,Broadcasting,SP500,US
FOX,Fox Corporation (Class B),Communication Services,Broadcasting,SP500,US
BEN,Franklin Resources,Financials,Asset Management & Custody Banks,SP500,US
FCX,Freeport-McMoRan,Materials,Copper,SP500,US
GRMN,Garmin,Consumer Discretionary,Consumer Electronics,SP500,US
IT,Gartner,Information Technology,IT Consulting & Other Services,SP500,US
GE,GE Aerospace,Industrials,Aerospace & Defense,SP500,US
GEHC,GE HealthCare,Health Care,Health Care Equipment,SP500,US
GEV,GE Vernova,Industrials,Heavy Electrical Equipment,SP500,US
GEN,Gen Digital,Information Technology,Systems Software,SP500,US
GNRC,Generac,Industrials,Electrical Components & Equipment,SP500,US
GD,General Dynamics,Industrials,Aerospace & Defense,SP500,US
GIS,General Mills,Consumer Staples,Packaged Foods & Meats,SP500,US
GM,General Motors,Consumer Discretionary,Automobile Manufacturers,SP500,US
GPC,Genuine Parts Company,Consumer Discretionary,Distributors,SP500,US
GILD,Gilead Sciences,Health Care,Biotechnology,SP500,US
GPN,Global Payments,Financials,Transaction & Payment Processing Services,SP500,US
GL,Globe Life,Financials,Life & Health Insurance,SP500,US
GDDY,GoDaddy,Information Technology,Internet Services & Infrastructure,SP500,US
GS,Goldman Sachs,Financials,Investment Banking & Brokerage,SP500,US
HAL,Halliburton,Energy,Oil & Gas Equipment & Services,SP500,US
HIG,Hartford (The),Financials,Property & Casualty Insurance,SP500,US
HAS,Hasbro,Consumer Discretionary,Leisure Products,SP500,US
HCA,HCA Healthcare,Health Care,Health Care Facilities,SP500,US
DOC,Healthpeak Properties,Real Estate,Health Care REITs,SP500,US
HSIC,Henry Schein,Health Care,Health Care Distributors,SP500,US
HSY,Hershey Company (The),Consumer Staples,Packaged Foods & Meats,SP500,US
HPE,Hewlett Packard Enterprise,Information Technology,"Technology Hardware, Storage & Peripherals",SP500,US
HLT,Hilton Worldwide,Consumer Discretionary,"Hotels, Resorts & Cruise Lines",SP500,US
HD,Home Depot (The),Consumer Discretionary,Home Improvement Retail,SP500,US
HON,Honeywell,Industrials,Industrial Conglomerates,SP500,US
HRL,Hormel Foods,Consumer Staples,Packaged Foods & Meats,SP500,US
HST,Host Hotels & Resorts,Real Estate,Hotel & Resort REITs,SP500,US
HWM,Howmet Aerospace,Industrials,Aerospace & Defense,SP500,US
HPQ,HP Inc.,Information Technology,"Technology Hardware, Storage & Peripherals",SP500,US
HUBB,Hubbell Incorporated,Industrials,Industrial Machinery & Supplies & Components,SP500,US
HUM,Humana,Health Care,Managed Health Care,SP500,US
HBAN,Huntington Bancshares,Financials,Regional Banks,SP500,US
HII,Huntington Ingalls Industries,Industrials,Aerospace & Defense,SP500,US
IBM,IBM,Information Technology,IT Consulting & Other Services,SP500,US
IEX,IDEX Corporation,Industrials,Industrial Machinery & Supplies & Components,SP500,US
IDXX,Idexx Laboratories,Health Care,Health Care Equipment,SP500,US
ITW,Illinois Tool Works,Industrials,Industrial Machinery & Supplies & Components,SP500,US
INCY,Incyte,Health Care,Biotechnology,SP500,US
IR,Ingersoll Rand,Industrials,Industrial Machinery & Supplies & Components,SP500,US
PODD,Insulet Corporation,Health Care,Health Care Equipment,SP500,US
INTC,Intel,Information Technology,Semiconductors,SP500,US
IBKR,Interactive Brokers,Financials,Investment Banking & Brokerage,SP500,US
ICE,Intercontinental Exchange,Financials,Financial Exchanges & Data,SP500,US
IFF,International Flavors & Fragrances,Materials,Specialty Chemicals,SP500,US
IP,International Paper,Materials,Paper & Plastic Packaging Products & Materials,SP500,US
INTU,Intuit,Information Technology,Application Software,SP500,US
ISRG,Intuitive Surgical,Health Care,Health Care Equipment,SP500,US
IVZ,Invesco,Financials,Asset Management & Custody Banks,SP500,US
INVH,Invitation Homes,Real Estate,Single-Family Residential REITs,SP500,US
IQV,IQVIA,Health Care,Life Sciences Tools & Services,SP500,US
IRM,Iron Mountain,Real Estate,Other Specialized REITs,SP500,US
JBHT,J.B. Hunt,Industrials,Cargo Ground Transportation,SP500,US
JBL,Jabil,Information Technology,Electronic Manufacturing Services,SP500,US
JKHY,Jack Henry & Associates,Financials,Transaction & Payment Processing Services,SP500,US
J,Jacobs Solutions,Industrials,Construction & Engineering,SP500,US
JNJ,Johnson & Johnson,Health Care,Pharmaceuticals,SP500,US
JCI,Johnson Controls,Industrials,Building Products,SP500,US
JPM,JPMorgan Chase,Financials,Diversified Banks,SP500,US
KVUE,Kenvue,Consumer Staples,Personal Care Products,SP500,US
KDP,Keurig Dr Pepper,Consumer Staples,Soft Drinks & Non-alcoholic Beverages,SP500,US
KEY,KeyCorp,Financials,Regional Banks,SP500,US
KEYS,Keysight Technologies,Information Technology,Electronic Equipment & Instruments,SP500,US
KMB,Kimberly-Clark,Consumer Staples,Household Products,SP500,US
KIM,Kimco Realty,Real Estate,Retail REITs,SP500,US
KMI,Kinder Morgan,Energy,Oil & Gas Storage & Transportation,SP500,US
KKR,KKR & Co.,Financials,Asset Management & Custody Banks,SP500,US
KLAC,KLA Corporation,Information Technology,Semiconductor Materials & Equipment,SP500,US
KHC,Kraft Heinz,Consumer Staples,Packaged Foods & Meats,SP500,US
KR,Kroger,Consumer Staples,Food Retail,SP500,US
LHX,L3Harris,Industrials,Aerospace & Defense,SP500,US
LH,Labcorp,Health Care,Health Care Services,SP500,US
LRCX,Lam Research,Information Technology,Semiconductor Materials & Equipment,SP500,US
LVS,Las Vegas Sands,Consumer Discretionary,Casinos & Gaming,SP500,US
LDOS,Leidos,Industrials,Diversified Support Services,SP500,US
LEN,Lennar,Consumer Discretionary,Homebuilding,SP500,US
LII,Lennox International,Industrials,Building Products,SP500,US
LLY,Lilly (Eli),Health Care,Pharmaceuticals,SP500,US
LIN,Linde plc,Materials,Industrial Gases,SP500,US
LYV,Live Nation Entertainment,Communication Services,Movies & Entertainment,SP500,US
LMT,Lockheed Martin,Industrials,Aerospace & Defense,SP500,US
L,Loews Corporation,Financials,Multi-line Insurance,SP500,US
LOW,Lowe's,Consumer Discretionary,Home Improvement Retail,SP500,US
LULU,Lululemon Athletica,Consumer Discretionary,"Apparel, Accessories & Luxury Goods",SP500,US
LITE,Lumentum,Information Technology,Communications Equipment,SP500,US
LYB,LyondellBasell,Materials,Specialty Chemicals,SP500,US
MTB,M&T Bank,Financials,Regional Banks,SP500,US
MPC,Marathon Petroleum,Energy,Oil & Gas Refining & Marketing,SP500,US
MAR,Marriott International,Consumer Discretionary,"Hotels, Resorts & Cruise Lines",SP500,US
MRSH,Marsh McLennan,Financials,Insurance Brokers,SP500,US
MLM,Martin Marietta Materials,Materials,Construction Materials,SP500,US
MAS,Masco,Industrials,Building Products,SP500,US
MA,Mastercard,Financials,Transaction & Payment Processing Services,SP500,US
MKC,McCormick & Company,Consumer Staples,Packaged Foods & Meats,SP500,US
MCD,McDonald's,Consumer Discretionary,Restaurants,SP500,US
MCK,McKesson Corporation,Health Care,Health Care Distributors,SP500,US
MDT,Medtronic,Health Care,Health Care Equipment,SP500,US
MRK,Merck & Co.,Health Care,Pharmaceuticals,SP500,US
META,Meta Platforms,Communication Services,Interactive Media & Services,SP500,US
MET,MetLife,Financials,Life & Health Insurance,SP500,US
MTD,Mettler Toledo,Health Care,Life Sciences Tools & Services,SP500,US
MGM,MGM Resorts,Consumer Discretionary,Casinos & Gaming,SP500,US
MCHP,Microchip Technology,Information Technology,Semiconductors,SP500,US
MU,Micron Technology,Information Technology,Semiconductors,SP500,US
MSFT,Microsoft,Information Technology,Systems Software,SP500,US
MAA,Mid-America Apartment Communities,Real Estate,Multi-Family Residential REITs,SP500,US
MRNA,Moderna,Health Care,Biotechnology,SP500,US
TAP,Molson Coors Beverage Company,Consumer Staples,Brewers,SP500,US
MDLZ,Mondelez International,Consumer Staples,Packaged Foods & Meats,SP500,US
MPWR,Monolithic Power Systems,Information Technology,Semiconductors,SP500,US
MNST,Monster Beverage,Consumer Staples,Soft Drinks & Non-alcoholic Beverages,SP500,US
MCO,Moody's Corporation,Financials,Financial Exchanges & Data,SP500,US
MS,Morgan Stanley,Financials,Investment Banking & Brokerage,SP500,US
MOS,Mosaic Company (The),Materials,Fertilizers & Agricultural Chemicals,SP500,US
MSI,Motorola Solutions,Information Technology,Communications Equipment,SP500,US
MSCI,MSCI Inc.,Financials,Financial Exchanges & Data,SP500,US
NDAQ,"Nasdaq, Inc.",Financials,Financial Exchanges & Data,SP500,US
NTAP,NetApp,Information Technology,"Technology Hardware, Storage & Peripherals",SP500,US
NFLX,Netflix,Communication Services,Movies & Entertainment,SP500,US
NEM,Newmont,Materials,Gold,SP500,US
NWSA,News Corp (Class A),Communication Services,Publishing,SP500,US
NWS,News Corp (Class B),Communication Services,Publishing,SP500,US
NEE,NextEra Energy,Utilities,Multi-Utilities,SP500,US
NKE,"Nike, Inc.",Consumer Discretionary,"Apparel, Accessories & Luxury Goods",SP500,US
NI,NiSource,Utilities,Multi-Utilities,SP500,US
NDSN,Nordson Corporation,Industrials,Industrial Machinery & Supplies & Components,SP500,US
NSC,Norfolk Southern,Industrials,Rail Transportation,SP500,US
NTRS,Northern Trust,Financials,Asset Management & Custody Banks,SP500,US
NOC,Northrop Grumman,Industrials,Aerospace & Defense,SP500,US
NCLH,Norwegian Cruise Line Holdings,Consumer Discretionary,"Hotels, Resorts & Cruise Lines",SP500,US
NRG,NRG Energy,Utilities,Independent Power Producers & Energy Traders,SP500,US
NUE,Nucor,Materials,Steel,SP500,US
NVDA,Nvidia,Information Technology,Semiconductors,SP500,US
NVR,"NVR, Inc.",Consumer Discretionary,Homebuilding,SP500,US
NXPI,NXP Semiconductors,Information Technology,Semiconductors,SP500,US
ORLY,O’Reilly Automotive,Consumer Discretionary,Automotive Retail,SP500,US
OXY,Occidental Petroleum,Energy,Oil & Gas Exploration & Production,SP500,US
ODFL,Old Dominion,Industrials,Cargo Ground Transportation,SP500,US
OMC,Omnicom Group,Communication Services,Advertising,SP500,US
ON,ON Semiconductor,Information Technology,Semiconductors,SP500,US
OKE,Oneok,Energy,Oil & Gas Storage & Transportation,SP500,US
ORCL,Oracle Corporation,Information Technology,Application Software,SP500,US
OTIS,Otis Worldwide,Industrials,Industrial Machinery & Supplies & Components,SP500,US
PCAR,Paccar,Industrials,Construction Machinery & Heavy Transportation Equipment,SP500,US
PKG,Packaging Corporation of America,Materials,Paper & Plastic Packaging Products & Materials,SP500,US
PLTR,Palantir Technologies,Information Technology,Application Software,SP500,US
PANW,Palo Alto Networks,Information Technology,Systems Software,SP500,US
PSKY,Paramount Skydance Corporation,Communication Services,Movies & Entertainment,SP500,US
PH,Parker Hannifin,Industrials,Industrial Machinery & Supplies & Components,SP500,US
PAYX,Paychex,Industrials,Human Resource & Employment Services,SP500,US
PYPL,PayPal,Financials,Transaction & Payment Processing Services,SP500,US
PNR,Pentair,Industrials,Industrial Machinery & Supplies & Components,SP500,US
PEP,PepsiCo,Consumer Staples,Soft Drinks & Non-alcoholic Beverages,SP500,US
PFE,Pfizer,Health Care,Pharmaceuticals,SP500,US
PCG,PG&E Corporation,Utilities,Multi-Utilities,SP500,US
PM,Philip Morris International,Consumer Staples,Tobacco,SP500,US
PSX,Phillips 66,Energy,Oil & Gas Refining & Marketing,SP500,US
PNW,Pinnacle West Capital,Utilities,Multi-Utilities,SP500,US
PNC,PNC Financial Services,Financials,Diversified Banks,SP500,US
POOL,Pool Corporation,Consumer Discretionary,Distributors,SP500,US
PPG,PPG Industries,Materials,Specialty Chemicals,SP500,US
PPL,PPL Corporation,Utilities,Electric Utilities,SP500,US
PFG,Principal Financial Group,Financials,Life & Health Insurance,SP500,US
PG,Procter & Gamble,Consumer Staples,Personal Care Products,SP500,US
PGR,Progressive Corporation,Financials,Property & Casualty Insurance,SP500,US
PLD,Prologis,Real Estate,Industrial REITs,SP500,US
PRU,Prudential Financial,Financials,Life & Health Insurance,SP500,US
PEG,Public Service Enterprise Group,Utilities,Electric Utilities,SP500,US
PTC,PTC Inc.,Information Technology,Application Software,SP500,US
PSA,Public Storage,Real Estate,Self-Storage REITs,SP500,US
PHM,PulteGroup,Consumer Discretionary,Homebuilding,SP500,US
PWR,Quanta Services,Industrials,Construction & Engineering,SP500,US
QCOM,Qualcomm,Information Technology,Semiconductors,SP500,US
DGX,Quest Diagnostics,Health Care,Health Care Services,SP500,US
Q,Qnity Electronics,Information Technology,Semiconductor Materials & Equipment,SP500,US
RL,Ralph Lauren Corporation,Consumer Discretionary,"Apparel, Accessories & Luxury Goods",SP500,US
RJF,Raymond James Financial,Financials,Investment Banking & Brokerage,SP500,US
RTX,RTX Corporation,Industrials,Aerospace & Defense,SP500,US
O,Realty Income,Real Estate,Retail REITs,SP500,US
REG,Regency Centers,Real Estate,Retail REITs,SP500,US
REGN,Regeneron Pharmaceuticals,Health Care,Biotechnology,SP500,US
RF,Regions Financial Corporation,Financials,Regional Banks,SP500,US
RSG,Republic Services,Industrials,Environmental & Facilities Services,SP500,US
RMD,ResMed,Health Care,Health Care Equipment,SP500,US
RVTY,Revvity,Health Care,Health Care Equipment,SP500,US
HOOD,Robinhood Markets,Financials,Investment Banking & Brokerage,SP500,US
ROK,Rockwell Automation,Industrials,Electrical Components & Equipment,SP500,US
ROL,"Rollins, Inc.",Industrials,Environmental & Facilities Services,SP500,US
ROP,Roper Technologies,Information Technology,Electronic Equipment & Instruments,SP500,US
ROST,Ross Stores,Consumer Discretionary,Apparel Retail,SP500,US
RCL,Royal Caribbean Group,Consumer Discretionary,"Hotels, Resorts & Cruise Lines",SP500,US
SPGI,S&P Global,Financials,Financial Exchanges & Data,SP500,US
CRM,Salesforce,Information Technology,Application Software,SP500,US
SNDK,Sandisk,Information Technology,"Technology Hardware, Storage & Peripherals",SP500,US
SBAC,SBA Communications,Real Estate,Telecom Tower REITs,SP500,US
SLB,Schlumberger,Energy,Oil & Gas Equipment & Services,SP500,US
STX,Seagate Technology,Information Technology,"Technology Hardware, Storage & Peripherals",SP500,US
SRE,Sempra,Utilities,Multi-Utilities,SP500,US
NOW,ServiceNow,Information Technology,Systems Software,SP500,US
SHW,Sherwin-Williams,Materials,Specialty Chemicals,SP500,US
SPG,Simon Property Group,Real Estate,Retail REITs,SP500,US
SWKS,Skyworks Solutions,Information Technology,Semiconductors,SP500,US
SJM,J.M. Smucker Company (The),Consumer Staples,Packaged Foods & Meats,SP500,US
SW,Smurfit Westrock,Materials,Paper & Plastic Packaging Products & Materials,SP500,US
SNA,Snap-on,Industrials,Industrial Machinery & Supplies & Components,SP500,US
SOLV,Solventum,Health Care,Health Care Technology,SP500,US
SO,Southern Company,Utilities,Electric Utilities,SP500,US
LUV,Southwest Airlines,Industrials,Passenger Airlines,SP500,US
SWK,Stanley Black & Decker,Industrials,Industrial Machinery & Supplies & Components,SP500,US
SBUX,Starbucks,Consumer Discretionary,Restaurants,SP500,US
STT,State Street Corporation,Financials,Asset Management & Custody Banks,SP500,US
STLD,Steel Dynamics,Materials,Steel,SP500,US
STE,Steris,Health Care,Health Care Equipment,SP500,US
SYK,Stryker Corporation,Health Care,Health Care Equipment,SP500,US
SMCI,Supermicro,Information Technology,"Technology Hardware, Storage & Peripherals",SP500,US
SYF,Synchrony Financial,Financials,Consumer Finance,SP500,US
SNPS,Synopsys,Information Technology,Application Software,SP500,US
SYY,Sysco,Consumer Staples,Food Distributors,SP500,US
TMUS,T-Mobile US,Communication Services,Wireless Telecommunication Services,SP500,US
TROW,T. Rowe Price,Financials,Asset Management & Custody Banks,SP500,US
TTWO,Take-Two Interactive,Communication Services,Interactive Home Entertainment,SP500,US
TPR,"Tapestry, Inc.",Consumer Discretionary,"Apparel, Accessories & Luxury Goods",SP500,US
TRGP,Targa Resources,Energy,Oil & Gas Storage & Transportation,SP500,US
TGT,Target Corporation,Consumer Staples,Consumer Staples Merchandise Retail,SP500,US
TEL,TE Connectivity,Information Technology,Electronic Manufacturing Services,SP500,US
TDY,Teledyne Technologies,Information Technology,Electronic Equipment & Instruments,SP500,US
TER,Teradyne,Information Technology,Semiconductor Materials & Equipment,SP500,US
TSLA,"Tesla, Inc.",Consumer Discretionary,Automobile Manufacturers,SP500,US
TXN,Texas Instruments,Information Technology,Semiconductors,SP500,US
TPL,Texas Pacific Land Corporation,Energy,Oil & Gas Exploration & Production,SP500,US
TXT,Textron,Industrials,Aerospace & Defense,SP500,US
TMO,Thermo Fisher Scientific,Health Care,Life Sciences Tools & Services,SP500,US
TJX,TJX Companies,Consumer Discretionary,Apparel Retail,SP500,US
TKO,TKO Group Holdings,Communication Services,Movies & Entertainment,SP500,US
TTD,Trade Desk (The),Communication Services,Advertising,SP500,US
TSCO,Tractor Supply,Consumer Discretionary,Other Specialty Retail,SP500,US
TT,Trane Technologies,Industrials,Building Products,SP500,US
TDG,TransDigm Group,Industrials,Aerospace & Defense,SP500,US
TRV,Travelers Companies (The),Financials,Property & Casualty Insurance,SP500,US
TRMB,Trimble Inc.,Information Technology,Application Software,SP500,US
TFC,Truist Financial,Financials,Diversified Banks,SP500,US
TYL,Tyler Technologies,Information Technology,Application Software,SP500,US
TSN,Tyson Foods,Consumer Staples,Packaged Foods & Meats,SP500,US
USB,U.S. Bancorp,Financials,Diversified Banks,SP500,US
UBER,Uber,Industrials,Passenger Ground Transportation,SP500,US
UDR,"UDR, Inc.",Real Estate,Multi-Family Residential REITs,SP500,US
ULTA,Ulta Beauty,Consumer Discretionary,Other Specialty Retail,SP500,US
UNP,Union Pacific Corporation,Industrials,Rail Transportation,SP500,US
UAL,United Airlines Holdings,Industrials,Passenger Airlines,SP500,US
UPS,United Parcel Service,Industrials,Air Freight & Logistics,SP500,US
URI,United Rentals,Industrials,Trading Companies & Distributors,SP500,US
UNH,UnitedHealth Group,Health Care,Managed Health Care,SP500,US
UHS,Universal Health Services,Health Care,Health Care Facilities,SP500,US
VLO,Valero Energy,Energy,Oil & Gas Refining & Marketing,SP500,US
VEEV,Veeva Systems,Health Care,Health Care Technology,SP500,US
VTR,Ventas,Real Estate,Health Care REITs,SP500,US
VLTO,Veralto,Industrials,Environmental & Facilities Services,SP500,US
VRSN,Verisign,Information Technology,Internet Services & Infrastructure,SP500,US
VRSK,Verisk Analytics,Industrials,Research & Consulting Services,SP500,US
VZ,Verizon,Communication Services,Integrated Telecommunication Services,SP500,US
VRTX,Vertex Pharmaceuticals,Health Care,Biotechnology,SP500,US
VRT,Vertiv,Industrials,Electrical Components & Equipment,SP500,US
VTRS,Viatris,Health Care,Pharmaceuticals,SP500,US
VICI,Vici Properties,Real Estate,Hotel & Resort REITs,SP500,US
V,Visa Inc.,Financials,Transaction & Payment Processing Services,SP500,US
VST,Vistra Corp.,Utilities,Electric Utilities,SP500,US
VMC,Vulcan Materials Company,Materials,Construction Materials,SP500,US
WRB,W. R. Berkley Corporation,Financials,Property & Casualty Insurance,SP500,US
GWW,W. W. Grainger,Industrials,Industrial Machinery & Supplies & Components,SP500,US
WAB,Wabtec,Industrials,Construction Machinery & Heavy Transportation Equipment,SP500,US
WMT,Walmart,Consumer Staples,Consumer Staples Merchandise Retail,SP500,US
DIS,Walt Disney Company (The),Communication Services,Movies & Entertainment,SP500,US
WBD,Warner Bros. Discovery,Communication Services,Broadcasting,SP500,US
WM,Waste Management,Industrials,Environmental & Facilities Services,SP500,US
WAT,Waters Corporation,Health Care,Life Sciences Tools & Services,SP500,US
WEC,WEC Energy Group,Utilities,Electric Utilities,SP500,US
WFC,Wells Fargo,Financials,Diversified Banks,SP500,US
WELL,Welltower,Real Estate,Health Care REITs,SP500,US
WST,West Pharmaceutical Services,Health Care,Health Care Supplies,SP500,US
WDC,Western Digital,Information Technology,"Technology Hardware, Storage & Peripherals",SP500,US
WY,Weyerhaeuser,Real Estate,Timber REITs,SP500,US
WSM,"Williams-Sonoma, Inc.",Consumer Discretionary,Homefurnishing Retail,SP500,US
WMB,Williams Companies,Energy,Oil & Gas Storage & Transportation,SP500,US
WTW,Willis Towers Watson,Financials,Insurance Brokers,SP500,US
WDAY,"Workday, Inc.",Information Technology,Application Software,SP500,US
WYNN,Wynn Resorts,Consumer Discretionary,Casinos & Gaming,SP500,US
XEL,Xcel Energy,Utilities,Multi-Utilities,SP500,US
XYL,Xylem Inc.,Industrials,Industrial Machinery & Supplies & Components,SP500,US
YUM,Yum! Brands,Consumer Discretionary,Restaurants,SP500,US
ZBRA,Zebra Technologies,Information Technology,Electronic Equipment & Instruments,SP500,US
ZBH,Zimmer Biomet,Health Care,Health Care Equipment,SP500,US
ZTS,Zoetis,Health Care,Pharmaceuticals,SP500,US
